produto;preco_atual;score_venda;probabilidade_venda;acao_recomendada;preco_sugerido;motivo
"Mesa de jantar com 6 cadeiras";"499";"87";"Alta";"Manter preco e reforcar divulgacao";"499";"Alta probabilidade de venda. Evite desconto agora para preservar margem."
"Smart TV LG 49"" UHD 4K";"1099";"74";"Alta";"Melhorar anuncio e testar pequeno desconto";"1044";"Interesse medio. Um ajuste leve pode acelerar a conversao."
"Geladeira Electrolux inox";"1590";"74";"Alta";"Melhorar anuncio e testar pequeno desconto";"1511";"Interesse medio. Um ajuste leve pode acelerar a conversao."
"Teclado sem fio Logitech K400 Plus";"99";"66";"Media";"Manter preco";"99";"O interesse esta crescendo. Melhor aguardar antes de conceder desconto."
"Teclado gamer HyperX Alloy MKW100";"149";"64";"Media";"Manter preco";"149";"O interesse esta crescendo. Melhor aguardar antes de conceder desconto."
"Comoda 2,07m com gavetas e portas";"1299";"62";"Media";"Melhorar anuncio e testar pequeno desconto";"1234";"Interesse medio. Um ajuste leve pode acelerar a conversao."
"Fogao Consul 4 bocas";"799";"59";"Media";"Melhorar anuncio e testar pequeno desconto";"759";"Interesse medio. Um ajuste leve pode acelerar a conversao."
"Criado-mudo 4 gavetas";"699";"59";"Media";"Melhorar anuncio e testar pequeno desconto";"664";"Interesse medio. Um ajuste leve pode acelerar a conversao."
"Guarda-roupa 3 portas e 3 gavetas";"1699";"56";"Media";"Melhorar anuncio e testar pequeno desconto";"1614";"Interesse medio. Um ajuste leve pode acelerar a conversao."
"Comoda 4 gavetas e 1 porta";"1299";"52";"Media";"Melhorar anuncio e testar pequeno desconto";"1234";"Interesse medio. Um ajuste leve pode acelerar a conversao."
"Rack classico com vidro";"1199";"47";"Media";"Melhorar anuncio e testar pequeno desconto";"1139";"Interesse medio. Um ajuste leve pode acelerar a conversao."